"Path","Platform","Compiled","Cooked","Permutations","Compiletime","CompiledDouble","CookedDouble"
"Globals","21","2023","0","1","0.000000","0","0"
"/InterchangeAssets/gltf/M_ClearCoat.M_ClearCoat","21","148","148","6","440.407776","0","148"
"/InterchangeAssets/gltf/M_SpecularGlossiness.M_SpecularGlossiness","21","148","148","6","255.170044","0","148"
"/Game/VRTemplate/Materials/M_GridRotation.M_GridRotation","21","48","48","2","92.830231","0","48"
"/InterchangeAssets/gltf/M_Unlit.M_Unlit","21","52","44","6","16.675009","0","44"
"/InterchangeAssets/gltf/M_Default.M_Default","21","148","88","6","127.083771","0","88"
"/SpeedTreeImporter/SpeedTree9/SpeedTreeMaster.SpeedTreeMaster","21","60","0","1","0.000000","0","0"
"/SpeedTreeImporter/SpeedTree9/SpeedTreeBillboardMaster.SpeedTreeBillboardMaster","21","36","0","1","0.000000","0","0"
"/Game/Characters/MannequinsXR/Materials/M_Mannequin.M_Mannequin","21","48","48","2","73.676445","0","48"
"/Game/LevelPrototyping/Materials/M_PrototypeGrid.M_PrototypeGrid","21","24","24","1","37.501080","0","24"
"/Engine/EngineMaterials/Widget3DPassThrough.Widget3DPassThrough","21","26","26","6","10.388732","0","26"
"/InterchangeAssets/gltf/M_Sheen.M_Sheen","21","148","148","6","230.225174","0","148"
"/InterchangeAssets/gltf/M_Transmission.M_Transmission","21","40","40","2","116.801071","0","40"
"/Engine/EditorLandscapeResources/LandscapeLayerUsageMaterial.LandscapeLayerUsageMaterial","21","2","2","1","1.037140","0","2"
"/Game/VRTemplate/Materials/M_TeleportNoise.M_TeleportNoise","21","6","6","1","5.696253","0","6"
"/Game/VRTemplate/Materials/M_TeleportCylinder.M_TeleportCylinder","21","6","6","1","7.056437","0","6"
"/OpenXR/Devices/M_XRController.M_XRController","21","36","36","3","63.036873","0","36"
"/Engine/EditorLandscapeResources/MaskBrushMaterial.MaskBrushMaterial","21","2","2","1","1.488657","0","2"
"/Engine/VREditor/SnapGrid/SnapGridMaterial.SnapGridMaterial","21","4","4","1","2.677777","0","4"
"/Engine/EditorLandscapeResources/SelectBrushMaterial.SelectBrushMaterial","21","4","4","2","2.256258","0","4"
"/Paper2D/DefaultSpriteMaterial.DefaultSpriteMaterial","21","24","24","2","16.152224","0","24"
"/Game/Weapons/Rifle/Materials/M_Weapon.M_Weapon","21","24","24","1","44.803230","0","24"
"/Engine/EditorMaterials/MatineeCam_mat.MatineeCam_mat","21","12","12","1","19.095667","0","12"
"/Engine/EngineSky/M_Sky_Panning_Clouds2.M_Sky_Panning_Clouds2","21","2","2","1","1.357019","0","2"
"/Engine/EditorMaterials/PreviewShadowIndicatorMaterial.PreviewShadowIndicatorMaterial","21","7","7","1","2.363956","0","7"
"/Engine/EngineMaterials/PPM_DefaultCalibrationColor.PPM_DefaultCalibrationColor","21","2","2","1","0.438383","0","2"
"/Engine/EngineMaterials/PPM_DefaultCalibrationGrayscale.PPM_DefaultCalibrationGrayscale","21","2","2","1","0.391870","0","2"
"/Engine/EngineMaterials/DefaultTextMaterialOpaque.DefaultTextMaterialOpaque","21","18","18","1","23.046986","0","18"
"/Engine/EngineMaterials/DefaultMaterial.DefaultMaterial","21","132","132","1","262.610199","0","132"
"/Engine/EngineMaterials/DefaultPostProcessMaterial.DefaultPostProcessMaterial","21","4","4","1","1.798486","0","4"
"/Engine/EngineDebugMaterials/M_VolumeRenderSphereTracePP.M_VolumeRenderSphereTracePP","21","2","2","1","0.992418","0","2"
"","21","512","0","1","0.000000","513","0"
"/Engine/EngineMaterials/WorldGridMaterial.WorldGridMaterial","21","478","478","1","486.792175","0","478"
"/Engine/EngineMaterials/DefaultDeferredDecalMaterial.DefaultDeferredDecalMaterial","21","32","32","1","15.940715","0","32"
"/Engine/VREditor/TransformGizmo/TransformGizmoMaterial.TransformGizmoMaterial","21","2","2","1","0.773083","0","2"
"/Engine/EditorLandscapeResources/ColorMaskBrushMaterial.ColorMaskBrushMaterial","21","2","2","1","1.158516","0","2"
"/Engine/EditorLandscapeResources/LandscapeDirtyMaterial.LandscapeDirtyMaterial","21","2","2","1","1.175507","0","2"
"/ControlRig/M_Manip.M_Manip","21","4","4","1","1.807659","0","4"
"/Engine/EngineMaterials/PhAT_JointLimitMaterial.PhAT_JointLimitMaterial","21","4","4","1","1.638064","0","4"
"/Engine/EngineMaterials/FlattenMaterial.FlattenMaterial","21","60","60","1","96.521996","0","60"
"/Engine/EditorLandscapeResources/LayerVisMaterial.LayerVisMaterial","21","2","2","1","0.796147","0","2"
"/Engine/EngineMaterials/EmissiveMeshMaterial.EmissiveMeshMaterial","21","4","4","1","2.745256","0","4"
"/Engine/EngineMaterials/M_InvalidLightmapSettings.M_InvalidLightmapSettings","21","24","24","1","33.555473","0","24"
"/Engine/EngineMaterials/FlattenMaterial_VT.FlattenMaterial_VT","21","36","36","1","0.000000","0","36"
"/Engine/EngineMaterials/FlattenMaterial_WS_Normal_VT.FlattenMaterial_WS_Normal_VT","21","36","36","1","59.805035","0","36"
"/HairStrands/Materials/HairDebugMaterial.HairDebugMaterial","21","36","36","1","47.599697","0","36"
"/Game/LevelPrototyping/Materials/M_FlatCol.M_FlatCol","21","36","36","1","51.574245","0","36"
"/ControlRig/Controls/ControlRigGizmoMaterial.ControlRigGizmoMaterial","21","2","2","1","0.678192","0","2"
"/Game/VRTemplate/Materials/M_Projectile.M_Projectile","21","12","12","1","0.000000","0","12"
"/Game/VRTemplate/Materials/M_VRCursor.M_VRCursor","21","2","2","1","0.300095","0","2"
"/Game/VRTemplate/Materials/DefaultRibbonMaterial_NoGradient.DefaultRibbonMaterial_NoGradient","21","10","10","1","8.193022","0","10"
"/Engine/VREditor/Devices/Generic/GenericHMDMaterial.GenericHMDMaterial","21","12","12","1","16.873192","0","12"
"/Engine/EngineMaterials/DefaultLightFunctionMaterial.DefaultLightFunctionMaterial","21","7","7","1","1.470345","0","7"
"/Engine/EditorMaterials/Camera/CineMat.CineMat","21","24","24","1","33.430691","0","24"
"/Engine/VREditor/TransformGizmo/Main.Main","21","2","2","1","1.050990","0","2"
"/Engine/VREditor/TransformGizmo/Xray.Xray","21","12","12","1","19.260649","0","12"
"/Engine/EditorLandscapeResources/SplineEditorMeshMat.SplineEditorMeshMat","21","8","8","1","3.249038","0","8"
"/HairStrands/Materials/HairDefaultMaterial.HairDefaultMaterial","21","28","28","1","37.516754","0","28"
"/HairStrands/Materials/HairCardsDefaultMaterial.HairCardsDefaultMaterial","21","36","36","1","42.380028","0","36"
"/HairStrands/Materials/HairMeshesDefaultMaterial.HairMeshesDefaultMaterial","21","28","28","1","37.593418","0","28"
"/CameraCalibrationCore/Materials/M_DefaultOddSquare.M_DefaultOddSquare","21","4","4","1","0.972202","0","4"
"/CameraCalibrationCore/Materials/M_DefaultEvenSquare.M_DefaultEvenSquare","21","4","4","1","0.687512","0","4"
"/Engine/EngineDebugMaterials/M_SimpleUnlitTranslucent.M_SimpleUnlitTranslucent","21","2","2","1","0.923868","0","2"
"/Engine/VREditor/TransformGizmo/TranslucentTransformGizmoMaterial.TranslucentTransformGizmoMaterial","21","2","2","1","0.345010","0","2"
"/ControlRig/Controls/ControlRigXRayMaterial.ControlRigXRayMaterial","21","4","4","1","1.283670","0","4"
"/Engine/BasicShapes/BasicShapeMaterial.BasicShapeMaterial","21","72","72","1","102.279358","0","72"
"/Engine/EditorMaterials/Dataflow/DataflowVertexMaterial.DataflowVertexMaterial","21","24","24","1","34.789307","0","24"
"/Engine/EditorMaterials/Dataflow/DataflowTwoSidedVertexMaterial.DataflowTwoSidedVertexMaterial","21","14","14","1","20.773069","0","14"
"/Engine/EditorMaterials/Dataflow/DataflowTwoSidedVertexMaterial.SculptMaterial","21","14","14","1","20.338743","0","14"
"/Engine/EngineMaterials/NaniteHiddenSectionMaterial.NaniteHiddenSectionMaterial","21","17","17","1","23.347839","0","17"
"/Engine/EngineMaterials/RemoveSurfaceMaterial.RemoveSurfaceMaterial","21","2","2","1","0.000000","0","2"
"/Engine/EngineDebugMaterials/DebugMeshMaterial.DebugMeshMaterial","21","2","2","1","0.280105","0","2"
"/Engine/EngineMaterials/GizmoMaterial.GizmoMaterial","21","4","4","1","0.912753","0","4"
"/Engine/EditorMaterials/PhAT_UnselectedMaterial.PhAT_UnselectedMaterial","21","2","2","1","0.352468","0","2"
"/Engine/EditorMaterials/PhAT_NoCollisionMaterial.PhAT_NoCollisionMaterial","21","2","2","1","0.322006","0","2"
"/Engine/EngineDebugMaterials/DebugEditorMaterial.DebugEditorMaterial","21","4","4","1","0.787751","0","4"
